일시,서울 기온(°C),서울 강수량(mm),서울 풍속(m/s),서울 풍향(16방위),서울 습도(%),서울 증기압(hPa),서울 이슬점온도(°C),서울 현지기압(hPa),서울 해면기압(hPa),서울 일조(hr),서울 일사(MJ/m2),서울 시정(10m),서울 지면온도(°C),부산 기온(°C),부산 강수량(mm),부산 풍속(m/s),부산 풍향(16방위),부산 습도(%),부산 증기압(hPa),부산 이슬점온도(°C),부산 현지기압(hPa),부산 해면기압(hPa),부산 일조(hr),부산 일사(MJ/m2),부산 시정(10m),부산 지면온도(°C)
2018-09-22 00:00,19.5,,1.1,250.0,81,18.3,16.1,1002.0,1011.9,,,2000,18.8,19.3,,3.9,340.0,94,21.0,18.3,1003.2,1011.2,,,2000,19.4
2018-09-22 01:00,19.5,,1.5,230.0,83,18.8,16.5,1002.0,1011.9,,,1459,18.9,19.3,,2.1,340.0,94,21.0,18.3,1003.5,1011.5,,,2000,19.5
2018-09-22 02:00,19.4,,0.0,0.0,85,19.1,16.8,1001.8,1011.7,,,1533,18.4,19.2,,4.8,360.0,92,20.4,17.8,1003.8,1011.9,,,2000,19.2
2018-09-22 03:00,18.8,,1.0,290.0,90,19.5,17.1,1002.3,1012.2,,,1191,17.7,19.3,,3.8,340.0,90,20.1,17.6,1004.3,1012.4,,,1924,19.0
2018-09-22 04:00,18.9,0.0,0.8,340.0,88,19.1,16.8,1002.2,1012.1,,,1226,18.9,19.3,,3.2,360.0,88,19.6,17.2,1004.5,1012.6,,,2000,18.5
2018-09-22 05:00,18.8,6.5,0.2,0.0,96,20.8,18.1,1002.3,1012.2,,,973,18.8,19.2,,3.1,340.0,90,20.0,17.5,1005.0,1013.1,,,2000,18.1
2018-09-22 06:00,18.4,,0.1,0.0,95,20.0,17.5,1002.8,1012.8,,,752,17.6,19.1,,3.3,340.0,89,19.6,17.2,1006.0,1014.1,,,2000,17.9
2018-09-22 07:00,18.1,,0.9,290.0,96,19.9,17.4,1003.7,1013.7,0.0,0.04,557,17.5,19.9,,4.4,340.0,85,19.6,17.2,1006.2,1014.3,0.2,0.12,2000,18.8
2018-09-22 08:00,18.2,,0.0,0.0,86,17.9,15.8,1004.1,1014.1,0.8,0.48,858,18.4,20.5,,5.0,340.0,84,20.1,17.6,1007.1,1015.2,0.5,0.6,2000,20.4
2018-09-22 09:00,19.7,,1.3,200.0,78,17.8,15.7,1004.5,1014.4,1.0,1.17,740,21.6,20.8,,2.3,340.0,82,20.1,17.6,1007.2,1015.3,0.7,0.98,1985,22.7
2018-09-22 10:00,21.8,,1.9,180.0,67,17.4,15.3,1004.7,1014.6,1.0,1.88,878,26.0,23.5,,0.7,320.0,66,19.0,16.7,1007.5,1015.5,1.0,2.04,2000,29.8
2018-09-22 11:00,22.7,,2.7,290.0,55,15.1,13.1,1005.0,1014.8,0.9,1.86,1297,25.2,24.6,,2.7,360.0,68,20.9,18.2,1007.6,1015.5,1.0,2.67,1990,32.5
2018-09-22 12:00,24.2,,2.2,250.0,43,12.9,10.8,1004.7,1014.5,1.0,2.31,1798,29.6,25.9,,1.3,360.0,64,21.3,18.5,1007.3,1015.2,1.0,2.87,2000,35.3
2018-09-22 13:00,24.9,,3.9,270.0,32,10.0,7.0,1004.7,1014.5,1.0,2.57,2000,29.6,26.7,,2.2,340.0,58,20.2,17.7,1006.7,1014.6,1.0,2.86,1999,36.4
2018-09-22 14:00,25.2,,4.4,290.0,28,8.9,5.3,1004.4,1014.2,1.0,2.76,2000,29.3,26.6,,2.9,360.0,57,19.7,17.3,1006.1,1014.0,1.0,2.44,1886,35.1
2018-09-22 15:00,25.4,,3.8,270.0,32,10.3,7.4,1004.2,1014.0,1.0,2.42,1980,28.7,27.2,,3.6,250.0,57,20.5,17.9,1005.7,1013.6,1.0,2.48,1997,33.5
2018-09-22 16:00,25.3,,3.0,270.0,38,12.2,9.9,1004.2,1014.0,1.0,1.88,2000,27.3,25.9,,3.9,230.0,67,22.2,19.2,1005.8,1013.7,1.0,1.75,1979,28.6
2018-09-22 17:00,24.6,,3.6,270.0,35,10.8,8.1,1004.6,1014.3,1.0,1.2,1990,22.7,25.1,,4.3,250.0,64,20.4,17.8,1006.0,1014.0,0.8,0.9,1990,25.7
2018-09-22 18:00,23.2,,2.8,270.0,36,10.2,7.2,1004.9,1014.7,1.0,0.47,2000,19.1,23.8,,2.8,250.0,72,21.2,18.4,1006.7,1014.6,0.3,0.25,2000,24.0
2018-09-22 19:00,21.3,,2.8,290.0,43,10.9,8.2,1005.4,1015.3,0.1,0.02,2000,17.3,22.9,,2.6,200.0,74,20.6,18.0,1006.9,1014.9,0.0,0.0,2000,22.4
2018-09-22 20:00,20.4,,1.2,270.0,52,12.4,10.2,1005.9,1015.9,,,2000,17.0,22.3,,2.1,270.0,75,20.1,17.6,1007.5,1015.5,,,2000,22.0
2018-09-22 21:00,19.4,,0.8,290.0,55,12.4,10.1,1006.5,1016.4,,,2000,16.4,22.0,,0.9,250.0,77,20.2,17.7,1007.6,1015.6,,,1650,21.8
2018-09-22 22:00,18.6,,0.6,340.0,62,13.2,11.1,1006.6,1016.6,,,2000,15.9,21.7,,2.2,290.0,78,20.1,17.6,1007.9,1016.0,,,1741,21.3
2018-09-22 23:00,17.9,,1.0,320.0,66,13.5,11.4,1006.8,1016.8,,,2000,15.4,21.4,,1.9,290.0,75,19.0,16.7,1008.0,1016.1,,,1936,20.6
2018-09-23 00:00,17.2,,0.6,360.0,69,13.5,11.4,1006.5,1016.6,,,2000,15.1,20.9,,0.3,0.0,75,18.4,16.2,1008.1,1016.2,,,1988,19.8
2018-09-23 01:00,16.4,,0.1,0.0,66,12.3,10.0,1006.0,1016.1,,,2000,14.7,20.6,,0.0,0.0,76,18.4,16.2,1008.2,1016.3,,,1952,19.5
2018-09-23 02:00,16.0,,1.3,50.0,72,13.0,10.9,1006.1,1016.2,,,2000,14.7,20.4,,0.4,0.0,78,18.6,16.4,1008.3,1016.4,,,1705,18.8
2018-09-23 03:00,15.8,,0.8,50.0,70,12.5,10.3,1006.0,1016.2,,,2000,15.3,20.3,,1.0,360.0,72,17.0,15.0,1008.3,1016.4,,,1805,18.4
2018-09-23 04:00,16.2,,0.7,20.0,69,12.6,10.4,1006.2,1016.3,,,2000,16.0,20.2,,2.3,360.0,68,16.0,14.0,1008.4,1016.5,,,1960,18.3
2018-09-23 05:00,16.3,,0.8,90.0,67,12.4,10.1,1006.2,1016.3,,,2000,16.3,19.8,,1.3,360.0,73,16.8,14.8,1008.3,1016.4,,,1959,17.9
2018-09-23 06:00,16.5,0.0,1.2,50.0,73,13.7,11.6,1006.0,1016.1,,,2000,16.4,19.5,,1.1,70.0,73,16.5,14.5,1008.5,1016.6,,,1993,18.0
2018-09-23 07:00,16.5,0.0,0.4,0.0,74,13.8,11.8,1005.5,1015.6,0.0,0.0,2000,16.5,19.5,,0.0,0.0,74,16.7,14.7,1008.6,1016.7,0.0,0.07,1993,19.0
2018-09-23 08:00,17.0,,1.2,70.0,69,13.3,11.2,1005.4,1015.5,0.4,0.3,2000,16.9,20.2,,0.7,90.0,67,15.8,13.8,1008.9,1017.0,0.2,0.38,2000,20.4
2018-09-23 09:00,18.4,,1.0,70.0,59,12.4,10.2,1005.7,1015.7,0.6,0.86,1951,20.0,21.4,,0.3,0.0,61,15.5,13.5,1008.7,1016.8,1.0,0.79,2000,22.4
2018-09-23 10:00,19.3,,0.2,0.0,59,13.1,11.0,1006.3,1016.3,0.2,0.94,2000,21.5,23.4,,0.3,0.0,60,17.2,15.1,1008.8,1016.8,0.8,1.25,2000,25.7
2018-09-23 11:00,20.1,,3.0,320.0,57,13.4,11.3,1006.4,1016.4,0.2,1.29,1929,23.3,25.2,,0.9,110.0,59,18.9,16.6,1008.5,1016.5,0.7,1.65,1944,29.9
2018-09-23 12:00,20.8,,1.2,360.0,52,12.7,10.5,1006.2,1016.2,0.4,1.25,1984,23.5,25.4,,2.6,200.0,68,22.0,19.0,1008.2,1016.2,0.4,1.76,1864,29.6
2018-09-23 13:00,22.7,,1.4,180.0,44,12.1,9.8,1005.3,1015.1,0.6,1.77,1913,29.1,26.6,,4.6,200.0,67,23.2,19.9,1007.5,1015.4,0.8,2.45,1619,34.8
2018-09-23 14:00,24.2,,1.2,340.0,40,12.0,9.7,1004.3,1014.0,1.0,2.62,1953,30.6,26.3,,5.4,200.0,71,24.3,20.6,1006.8,1014.7,1.0,2.55,1559,34.1
2018-09-23 15:00,25.0,,2.2,270.0,28,8.8,5.2,1004.0,1013.8,1.0,2.39,2000,29.2,25.5,,5.3,200.0,68,22.1,19.1,1006.2,1014.1,1.0,2.41,1720,31.0
2018-09-23 16:00,24.6,,4.0,290.0,29,8.9,5.3,1004.1,1013.8,1.0,1.73,1988,26.2,25.2,,5.5,230.0,67,21.4,18.6,1005.8,1013.8,1.0,1.45,1890,27.1
2018-09-23 17:00,24.1,,2.4,250.0,41,12.3,10.0,1004.3,1014.1,1.0,1.17,2000,22.4,24.1,,6.6,250.0,66,19.7,17.3,1005.9,1013.8,0.0,0.55,1999,24.4
2018-09-23 18:00,22.3,,2.7,270.0,53,14.2,12.2,1004.6,1014.5,1.0,0.44,2000,19.3,23.6,,4.1,230.0,72,20.9,18.2,1006.0,1013.9,0.0,0.18,1968,23.0
2018-09-23 19:00,21.0,,2.9,270.0,54,13.4,11.3,1005.0,1014.9,0.0,0.01,2000,17.5,23.0,,2.9,250.0,70,19.6,17.2,1006.0,1014.0,0.0,0.0,1995,22.0
2018-09-23 20:00,20.2,,3.3,270.0,48,11.3,8.8,1005.8,1015.8,,,2000,16.4,22.5,,3.1,270.0,70,19.0,16.7,1006.7,1014.7,,,1998,21.3
2018-09-23 21:00,19.1,,2.1,270.0,38,8.4,4.4,1006.6,1016.6,,,2000,15.1,22.0,,3.0,270.0,72,19.0,16.7,1007.5,1015.5,,,1996,20.7
2018-09-23 22:00,18.5,,2.5,270.0,40,8.5,4.6,1007.0,1017.0,,,2000,14.3,21.7,,2.8,270.0,74,19.1,16.8,1007.7,1015.7,,,1986,20.1
2018-09-23 23:00,17.7,,1.1,250.0,45,9.1,5.6,1007.3,1017.4,,,2000,14.2,21.3,,1.7,270.0,74,18.6,16.4,1007.7,1015.8,,,1984,20.2
2018-09-24 00:00,17.2,,1.7,270.0,50,9.7,6.6,1007.5,1017.6,,,2000,14.0,20.9,,1.9,340.0,75,18.4,16.2,1008.0,1016.1,,,1803,19.3
2018-09-24 01:00,16.8,,2.0,270.0,53,10.1,7.1,1007.3,1017.4,,,2000,13.7,20.9,,3.5,20.0,53,13.0,10.9,1008.0,1016.1,,,2000,18.2
2018-09-24 02:00,16.1,,0.7,290.0,57,10.4,7.5,1007.7,1017.9,,,2000,13.4,20.7,,2.4,20.0,44,10.6,7.9,1008.3,1016.4,,,2000,17.3
2018-09-24 03:00,15.5,,0.3,0.0,63,11.0,8.4,1007.6,1017.8,,,2000,13.1,20.3,,2.8,20.0,41,9.7,6.6,1008.3,1016.4,,,2000,16.6
2018-09-24 04:00,14.9,,0.9,320.0,68,11.5,9.0,1007.5,1017.7,,,2000,12.7,20.2,,6.6,360.0,41,9.7,6.5,1008.3,1016.4,,,2000,16.1
2018-09-24 05:00,14.4,,0.3,0.0,66,10.8,8.1,1007.6,1017.8,,,2000,12.5,19.8,,7.3,360.0,42,9.7,6.5,1008.2,1016.3,,,2000,15.7
2018-09-24 06:00,14.3,,0.5,320.0,66,10.7,8.0,1008.0,1018.2,,,2000,12.3,19.6,,6.5,360.0,42,9.5,6.3,1008.7,1016.8,,,2000,15.4
2018-09-24 07:00,14.7,,2.1,340.0,61,10.2,7.2,1008.4,1018.6,0.0,0.02,2000,12.4,19.5,,2.0,360.0,42,9.5,6.2,1009.3,1017.4,0.0,0.03,2000,15.9
2018-09-24 08:00,15.4,,2.2,320.0,52,9.0,5.5,1008.9,1019.1,1.0,0.49,1985,12.9,19.5,,2.7,360.0,46,10.4,7.5,1009.5,1017.6,0.0,0.26,2000,17.6
2018-09-24 09:00,17.0,,2.1,320.0,43,8.3,4.3,1009.4,1019.5,1.0,1.36,1993,16.8,19.8,,5.7,360.0,49,11.2,8.7,1009.9,1018.0,0.0,0.62,2000,18.6
2018-09-24 10:00,18.5,,3.3,290.0,38,8.0,3.8,1010.0,1020.0,1.0,2.02,2000,20.9,20.6,,1.9,50.0,51,12.3,10.0,1010.5,1018.6,0.0,1.01,2000,22.1
2018-09-24 11:00,19.4,,4.1,290.0,31,7.0,1.8,1009.8,1019.8,1.0,2.55,1966,24.3,21.5,,2.5,20.0,53,13.6,11.5,1010.4,1018.5,0.0,1.51,2000,25.5
2018-09-24 12:00,20.3,,2.6,320.0,34,8.1,3.9,1009.4,1019.4,1.0,2.85,2000,27.5,21.9,,0.8,290.0,45,11.8,9.4,1010.5,1018.6,0.0,1.67,2000,26.3
2018-09-24 13:00,20.9,,3.5,320.0,30,7.4,2.6,1009.0,1019.0,1.0,2.93,2000,30.8,21.7,,1.7,360.0,51,13.2,11.1,1009.8,1017.9,0.0,1.51,2000,26.8
2018-09-24 14:00,21.3,,4.3,320.0,30,7.6,3.0,1008.4,1018.4,1.0,2.78,2000,32.3,21.6,,0.8,360.0,52,13.4,11.3,1009.2,1017.3,0.0,1.44,2000,26.0
2018-09-24 15:00,21.8,,3.3,320.0,32,8.3,4.3,1007.7,1017.6,1.0,2.42,2000,32.1,20.7,,1.9,360.0,55,13.4,11.3,1009.3,1017.4,0.0,0.98,2000,24.4
2018-09-24 16:00,22.0,,2.7,290.0,31,8.1,4.0,1007.6,1017.5,1.0,1.87,2000,29.6,20.4,,2.5,340.0,52,12.4,10.2,1009.2,1017.3,0.0,0.82,2000,23.0
2018-09-24 17:00,21.6,,3.1,290.0,32,8.2,4.1,1007.8,1017.7,1.0,1.2,2000,24.2,19.7,,3.6,340.0,51,11.6,9.2,1009.1,1017.2,0.0,0.47,2000,20.7
2018-09-24 18:00,20.3,,2.4,290.0,35,8.3,4.3,1008.0,1018.0,1.0,0.46,2000,19.7,19.1,,2.8,340.0,55,12.1,9.8,1009.3,1017.4,0.0,0.18,2000,18.9
2018-09-24 19:00,18.6,,2.7,270.0,54,11.5,9.0,1008.2,1018.2,0.0,0.01,2000,17.6,18.7,,2.8,340.0,58,12.4,10.2,1009.4,1017.5,0.1,0.01,1997,17.6
2018-09-24 20:00,17.6,,1.4,320.0,57,11.4,8.9,1008.6,1018.7,,,2000,16.2,18.4,,3.5,340.0,57,12.0,9.7,1009.9,1018.0,,,2000,17.0
2018-09-24 21:00,16.8,,1.2,320.0,58,11.0,8.4,1009.3,1019.4,,,2000,15.1,18.3,,0.1,0.0,54,11.3,8.8,1010.5,1018.7,,,2000,16.6
2018-09-24 22:00,16.6,,3.9,340.0,47,8.8,5.2,1009.6,1019.7,,,2000,14.3,17.7,,0.0,0.0,56,11.3,8.8,1010.5,1018.7,,,2000,15.7
2018-09-24 23:00,15.7,,0.4,0.0,51,9.0,5.5,1009.8,1020.0,,,2000,13.6,17.3,,2.2,340.0,53,10.4,7.6,1010.4,1018.6,,,2000,15.0
2018-09-25 00:00,14.7,,1.6,290.0,55,9.2,5.7,1009.9,1020.1,,,2000,13.0,16.9,,0.6,290.0,58,11.1,8.5,1010.4,1018.6,,,2000,14.5
2018-09-25 01:00,13.8,,0.8,290.0,60,9.4,6.1,1010.1,1020.3,,,2000,12.4,16.5,,0.7,160.0,64,11.9,9.6,1010.5,1018.7,,,2000,14.2
2018-09-25 02:00,13.4,,0.2,0.0,62,9.5,6.2,1010.1,1020.4,,,2000,11.9,15.9,,0.5,290.0,66,11.9,9.5,1010.3,1018.6,,,2000,13.7
2018-09-25 03:00,12.7,,0.5,20.0,67,9.8,6.7,1009.9,1020.2,,,2000,11.4,15.7,,0.7,140.0,64,11.3,8.8,1009.7,1018.0,,,1859,13.3
2018-09-25 04:00,12.0,,0.5,20.0,69,9.6,6.4,1009.7,1020.0,,,2000,11.0,15.5,,0.7,140.0,60,10.5,7.7,1009.5,1017.8,,,2000,13.0
2018-09-25 05:00,11.5,,0.5,20.0,70,9.5,6.2,1009.6,1020.0,,,2000,10.6,15.1,,1.5,20.0,61,10.4,7.6,1009.6,1017.9,,,2000,12.7
2018-09-25 06:00,11.2,,0.9,20.0,70,9.3,5.9,1009.9,1020.3,,,2000,10.4,15.7,,1.1,110.0,58,10.3,7.4,1009.8,1018.1,,,2000,12.9
2018-09-25 07:00,10.8,,0.9,20.0,72,9.3,5.9,1010.4,1020.8,0.0,0.03,2000,10.6,16.9,,2.1,70.0,57,10.9,8.3,1009.8,1018.0,0.3,0.09,2000,13.7
2018-09-25 08:00,12.0,,1.3,50.0,61,8.5,4.6,1010.6,1020.9,1.0,0.6,1988,11.5,19.2,,4.3,20.0,56,12.4,10.2,1010.0,1018.1,1.0,0.77,1870,16.1
2018-09-25 09:00,15.3,,1.0,50.0,49,8.5,4.6,1010.7,1020.9,1.0,1.34,2000,16.1,20.9,,3.7,20.0,56,13.7,11.7,1010.3,1018.4,1.0,1.57,2000,22.5
2018-09-25 10:00,18.0,,1.3,90.0,44,9.0,5.5,1011.0,1021.1,1.0,1.99,1984,21.4,22.8,,3.4,50.0,53,14.7,12.7,1010.3,1018.3,1.0,2.24,1962,29.1
2018-09-25 11:00,20.1,,1.6,90.0,40,9.3,6.0,1010.7,1020.7,1.0,2.47,1985,27.2,24.6,,2.6,70.0,49,15.1,13.1,1009.9,1017.8,1.0,2.83,1969,35.6
2018-09-25 12:00,21.7,,2.0,70.0,36,9.3,5.9,1009.9,1019.8,1.0,2.78,2000,31.5,25.5,,2.9,50.0,51,16.6,14.6,1009.7,1017.7,1.0,3.41,2000,41.7
2018-09-25 13:00,22.9,,2.0,90.0,30,8.3,4.3,1009.0,1018.9,1.0,2.9,2000,34.8,23.7,,3.7,70.0,50,14.6,12.6,1008.9,1016.9,1.0,2.45,1993,38.3
2018-09-25 14:00,23.7,,1.4,90.0,28,8.1,4.0,1008.3,1018.1,1.0,2.77,2000,36.2,23.9,,3.1,50.0,49,14.5,12.5,1008.7,1016.7,1.0,2.72,2000,36.8
2018-09-25 15:00,24.1,,1.6,110.0,26,7.7,3.3,1007.9,1017.7,1.0,2.38,2000,35.0,23.0,,4.8,50.0,51,14.3,12.3,1008.7,1016.7,1.0,2.0,2000,33.5
2018-09-25 16:00,24.2,,1.7,90.0,28,8.4,4.5,1007.6,1017.4,1.0,1.86,2000,31.8,22.7,,3.6,70.0,52,14.3,12.3,1008.5,1016.5,1.0,1.92,2000,26.8
2018-09-25 17:00,22.9,,1.4,70.0,33,9.2,5.7,1007.6,1017.5,1.0,0.83,2000,24.9,21.5,,3.6,50.0,56,14.3,12.3,1008.6,1016.7,1.0,1.2,2000,23.4
2018-09-25 18:00,21.6,,1.0,50.0,37,9.5,6.2,1008.0,1017.9,0.0,0.24,2000,21.7,20.1,,2.8,50.0,59,13.8,11.8,1009.2,1017.3,1.0,0.46,2000,20.5
2018-09-25 19:00,20.3,,0.6,20.0,39,9.2,5.8,1008.5,1018.5,0.0,0.0,2000,19.2,18.9,,3.2,20.0,57,12.4,10.1,1009.4,1017.5,0.0,0.0,2000,18.5
2018-09-25 20:00,19.3,,0.4,0.0,45,10.0,7.0,1009.3,1019.3,,,2000,18.0,18.7,,3.5,50.0,58,12.4,10.2,1009.9,1018.0,,,2000,17.7
2018-09-25 21:00,18.5,,1.0,50.0,48,10.2,7.2,1010.1,1020.1,,,2000,16.8,19.1,,4.9,20.0,63,13.8,11.8,1010.2,1018.3,,,2000,17.6
2018-09-25 22:00,17.7,,1.0,50.0,52,10.5,7.7,1010.2,1020.3,,,2000,16.0,19.1,,4.0,20.0,67,14.8,12.8,1010.1,1018.2,,,2000,18.0
2018-09-25 23:00,17.4,,1.2,90.0,49,9.7,6.5,1010.2,1020.3,,,2000,15.4,18.7,,3.3,50.0,71,15.3,13.3,1009.4,1017.5,,,2000,17.5
2019-09-11 00:00,22.8,0.6,1.8,360.0,95,26.3,21.9,1001.6,1011.4,,,408,23.5,25.6,,2.5,270.0,89,29.1,23.6,1006.7,1014.6,,,1014,26.1
2019-09-11 01:00,22.8,2.2,1.7,360.0,97,26.8,22.2,1001.6,1011.4,,,145,23.6,25.6,,2.4,250.0,90,29.5,23.8,1006.4,1014.3,,,857,26.0
2019-09-11 02:00,22.6,2.0,2.5,360.0,97,26.4,22.0,1001.3,1011.1,,,405,23.4,25.4,,1.6,200.0,94,30.4,24.3,1006.2,1014.1,,,670,25.9
2019-09-11 03:00,21.9,2.3,1.6,360.0,97,25.3,21.3,1001.9,1011.8,,,240,23.0,25.2,,1.7,200.0,96,30.7,24.5,1006.0,1014.0,,,624,25.9
2019-09-11 04:00,21.2,0.9,1.8,360.0,97,24.3,20.6,1002.2,1012.1,,,2000,22.5,24.8,4.5,0.6,20.0,100,31.1,24.7,1006.0,1013.9,,,243,25.8
2019-09-11 05:00,20.8,0.1,2.7,360.0,96,23.5,20.1,1002.7,1012.6,,,1038,22.3,24.6,8.3,1.0,160.0,100,30.7,24.5,1006.0,1013.9,,,274,25.5
2019-09-11 06:00,20.6,0.0,3.4,340.0,95,22.9,19.7,1003.6,1013.5,,,1591,21.8,24.4,0.1,1.4,70.0,100,30.4,24.3,1006.5,1014.4,,,172,25.7
2019-09-11 07:00,20.5,0.1,3.8,360.0,89,21.4,18.6,1003.9,1013.9,0.0,0.05,2000,21.8,24.6,0.5,0.2,0.0,100,30.7,24.5,1006.5,1014.4,0.0,0.04,551,25.8
2019-09-11 08:00,21.2,,3.6,360.0,84,21.0,18.3,1004.7,1014.6,0.0,0.18,2000,22.9,26.1,,0.9,140.0,100,33.6,26.0,1006.6,1014.5,0.2,0.51,864,26.8
2019-09-11 09:00,23.4,,3.1,360.0,74,21.2,18.4,1004.8,1014.6,0.6,1.22,2000,24.0,26.1,,3.4,200.0,98,33.0,25.7,1007.0,1014.9,0.6,1.11,1285,27.7
2019-09-11 10:00,25.4,,3.3,20.0,64,20.6,18.0,1005.2,1015.0,1.0,2.14,2000,26.4,27.1,,1.0,90.0,90,32.2,25.3,1006.9,1014.8,0.5,1.26,1437,28.9
2019-09-11 11:00,26.9,,2.7,360.0,62,21.8,18.9,1005.4,1015.1,1.0,2.7,2000,30.4,27.9,,1.9,180.0,87,32.6,25.5,1006.9,1014.8,0.5,1.91,1663,30.2
2019-09-11 12:00,27.5,,3.6,360.0,58,21.2,18.4,1005.1,1014.8,0.9,2.31,2000,33.2,28.6,,1.9,140.0,84,32.8,25.6,1006.6,1014.4,0.8,2.36,1627,31.8
2019-09-11 13:00,28.0,,3.4,360.0,56,21.0,18.3,1004.8,1014.5,1.0,2.68,2000,35.1,26.6,,3.1,110.0,91,31.7,25.0,1006.5,1014.4,0.4,1.58,1367,30.2
2019-09-11 14:00,28.2,,3.5,360.0,57,21.7,18.8,1004.5,1014.2,0.9,1.95,2000,31.4,24.9,,2.4,70.0,89,27.9,22.9,1006.4,1014.4,0.0,0.51,900,28.6
2019-09-11 15:00,27.7,,2.5,340.0,60,22.2,19.2,1004.2,1013.9,0.0,0.85,2000,29.2,24.7,,3.2,90.0,84,26.1,21.8,1006.0,1013.9,0.0,0.36,1512,27.7
2019-09-11 16:00,27.9,,2.8,360.0,58,21.7,18.8,1004.1,1013.8,0.6,1.13,2000,29.0,25.1,,3.3,70.0,84,26.6,22.1,1006.2,1014.2,0.0,0.5,1301,27.6
2019-09-11 17:00,27.8,,3.5,20.0,57,21.2,18.4,1004.4,1014.1,0.6,0.99,2000,29.3,25.0,,4.2,50.0,80,25.3,21.3,1006.5,1014.5,0.0,0.26,2000,26.9
2019-09-11 18:00,26.4,,3.0,360.0,61,20.9,18.2,1004.7,1014.4,0.3,0.34,2000,26.0,24.4,,3.3,50.0,81,24.7,20.9,1006.9,1014.8,0.1,0.15,2000,26.3
2019-09-11 19:00,25.5,,3.8,360.0,62,20.1,17.6,1005.0,1014.8,0.0,0.02,2000,24.5,24.1,,4.3,50.0,77,23.1,19.8,1007.1,1015.0,0.0,0.0,2000,25.7
2019-09-11 20:00,24.8,,3.6,360.0,62,19.4,17.0,1005.7,1015.5,,,2000,23.6,23.9,,4.5,50.0,77,22.8,19.6,1007.8,1015.7,,,2000,25.3
2019-09-11 21:00,24.3,,3.9,360.0,62,18.8,16.5,1006.2,1016.0,,,2000,23.5,23.9,,4.1,50.0,78,23.1,19.8,1008.1,1016.1,,,2000,25.0
2019-09-11 22:00,23.7,,4.1,360.0,63,18.4,16.2,1006.3,1016.1,,,2000,22.9,23.6,,4.5,50.0,81,23.5,20.1,1008.6,1016.6,,,2000,24.8
2019-09-11 23:00,23.2,,3.9,360.0,63,17.8,15.7,1006.5,1016.3,,,2000,22.5,23.3,,3.8,50.0,85,24.3,20.6,1008.8,1016.8,,,2000,24.8
2019-09-12 00:00,22.8,,4.0,360.0,64,17.7,15.6,1006.4,1016.2,,,1804,22.3,23.4,,4.1,50.0,80,22.9,19.7,1008.8,1016.8,,,2000,24.6
2019-09-12 01:00,22.4,,4.5,360.0,65,17.5,15.4,1006.4,1016.3,,,2000,21.9,23.4,,3.6,50.0,79,22.7,19.5,1008.5,1016.5,,,2000,24.3
2019-09-12 02:00,22.0,,3.3,360.0,67,17.6,15.5,1006.5,1016.4,,,2000,21.5,22.5,0.1,3.0,50.0,91,24.7,20.9,1008.4,1016.4,,,934,24.2
2019-09-12 03:00,21.8,,3.0,360.0,67,17.4,15.3,1006.3,1016.2,,,2000,21.5,22.1,0.5,3.9,50.0,92,24.4,20.7,1008.2,1016.2,,,1963,24.1
2019-09-12 04:00,21.6,,2.5,20.0,68,17.5,15.4,1006.3,1016.2,,,2000,21.2,22.1,0.0,2.9,50.0,87,23.1,19.8,1008.2,1016.2,,,2000,23.9
2019-09-12 05:00,21.5,,3.4,360.0,68,17.4,15.3,1006.4,1016.3,,,2000,21.3,21.3,1.3,4.0,50.0,97,24.4,20.7,1008.6,1016.7,,,334,23.6
2019-09-12 06:00,21.5,,2.7,20.0,69,17.6,15.5,1006.8,1016.7,,,2000,21.0,20.9,1.4,2.9,50.0,99,24.4,20.7,1008.5,1016.6,,,517,23.6
2019-09-12 07:00,21.4,,3.5,360.0,67,17.0,15.0,1007.0,1016.9,0.0,0.02,2000,21.2,20.9,0.6,4.2,50.0,98,24.1,20.5,1008.8,1016.9,0.0,0.05,904,23.5
2019-09-12 08:00,21.6,,3.0,360.0,67,17.3,15.2,1007.4,1017.3,0.0,0.17,2000,21.8,21.0,0.0,3.9,50.0,90,22.2,19.2,1008.9,1017.0,0.0,0.2,1980,23.6
2019-09-12 09:00,21.7,,2.9,360.0,64,16.5,14.5,1007.7,1017.6,0.0,0.29,2000,22.2,21.6,,4.1,50.0,83,21.3,18.5,1009.3,1017.4,0.0,0.59,2000,24.2
2019-09-12 10:00,22.2,,3.2,360.0,59,15.7,13.7,1007.9,1017.8,0.0,0.6,2000,23.6,22.6,,3.0,50.0,80,21.8,18.9,1009.5,1017.5,0.0,1.04,2000,25.3
2019-09-12 11:00,22.5,,4.1,20.0,56,15.2,13.2,1007.9,1017.8,0.0,0.81,2000,24.7,22.8,,5.1,50.0,74,20.5,17.9,1009.0,1017.0,0.0,1.17,2000,25.6
2019-09-12 12:00,22.2,0.0,3.8,360.0,59,15.7,13.7,1007.5,1017.4,0.0,0.53,2000,23.7,22.5,,4.9,50.0,72,19.5,17.1,1009.0,1017.0,0.0,0.99,2000,25.3
2019-09-12 13:00,22.0,0.0,3.3,360.0,59,15.6,13.6,1007.1,1017.0,0.0,0.37,2000,23.4,22.8,,4.0,50.0,70,19.4,17.0,1008.5,1016.5,0.0,0.99,2000,25.5
2019-09-12 14:00,22.1,0.0,3.6,20.0,57,15.1,13.1,1006.5,1016.4,0.0,0.4,2000,23.5,21.9,,3.7,50.0,78,20.4,17.8,1008.2,1016.2,0.0,1.05,2000,25.7
2019-09-12 15:00,22.2,,3.1,360.0,60,16.0,14.0,1005.7,1015.6,0.0,0.5,2000,23.6,22.4,,3.9,50.0,71,19.1,16.8,1007.5,1015.5,0.0,0.65,2000,25.2
2019-09-12 16:00,21.8,0.0,2.6,360.0,64,16.6,14.6,1005.7,1015.6,0.0,0.26,2000,22.7,22.8,,4.2,50.0,69,19.1,16.8,1007.4,1015.4,0.3,1.08,2000,25.5
2019-09-12 17:00,21.3,0.2,1.5,360.0,69,17.4,15.3,1005.7,1015.6,0.0,0.11,2000,22.1,22.5,,4.3,50.0,69,18.8,16.5,1007.0,1015.0,0.0,0.47,2000,24.6
2019-09-12 18:00,20.6,0.6,2.1,360.0,76,18.4,16.2,1006.2,1016.2,0.0,0.03,931,21.4,21.6,0.0,4.5,50.0,73,18.8,16.5,1007.4,1015.5,0.0,0.14,2000,23.9
2019-09-12 19:00,19.7,1.1,2.6,110.0,80,18.3,16.1,1006.4,1016.3,0.0,0.0,1872,21.0,20.4,0.0,3.5,50.0,75,17.9,15.8,1007.2,1015.3,0.0,0.0,2000,23.2
2019-09-12 20:00,19.1,0.3,1.5,90.0,80,17.6,15.5,1007.0,1017.0,,,1909,20.7,20.2,0.0,3.6,50.0,74,17.5,15.4,1007.5,1015.6,,,2000,22.8
2019-09-12 21:00,19.0,0.7,1.3,140.0,87,19.0,16.7,1007.0,1017.0,,,1574,20.4,20.8,,2.9,50.0,73,17.8,15.7,1007.9,1016.0,,,2000,22.8
2019-09-12 22:00,18.9,0.5,0.3,0.0,89,19.4,17.0,1006.8,1016.8,,,1873,20.2,20.9,,3.0,50.0,74,18.2,16.0,1007.7,1015.8,,,2000,22.7
2019-09-12 23:00,18.8,0.5,0.0,0.0,95,20.5,17.9,1006.5,1016.5,,,2000,20.2,20.8,,2.9,50.0,75,18.3,16.1,1007.3,1015.4,,,2000,22.4
2019-09-13 00:00,18.8,0.0,1.2,340.0,96,20.8,18.1,1005.9,1015.9,,,1886,20.1,20.7,,3.3,50.0,76,18.5,16.3,1006.9,1015.0,,,2000,22.3
2019-09-13 01:00,18.8,0.1,1.7,360.0,96,20.8,18.1,1005.6,1015.6,,,2000,20.1,20.8,,2.4,50.0,76,18.6,16.4,1006.5,1014.6,,,2000,22.3
2019-09-13 02:00,18.7,,1.9,360.0,95,20.4,17.8,1005.3,1015.3,,,2000,19.8,20.8,,2.9,50.0,77,18.9,16.6,1006.0,1014.1,,,2000,22.3
2019-09-13 03:00,18.6,,2.5,360.0,85,18.2,16.0,1005.2,1015.2,,,2000,19.8,20.9,,2.3,50.0,78,19.2,16.9,1006.0,1014.1,,,2000,22.3
2019-09-13 04:00,18.5,,2.3,360.0,78,16.5,14.5,1005.2,1015.2,,,2000,19.6,20.8,,3.8,50.0,76,18.6,16.4,1005.6,1013.7,,,2000,22.2
2019-09-13 05:00,18.4,,2.5,360.0,78,16.4,14.4,1005.2,1015.2,,,2000,19.3,20.7,,3.0,50.0,78,19.0,16.7,1005.6,1013.7,,,2000,22.0
2019-09-13 06:00,18.4,,1.7,360.0,72,15.2,13.2,1005.4,1015.4,,,2000,19.5,20.7,,3.3,50.0,78,19.0,16.7,1005.8,1013.9,,,2000,22.1
2019-09-13 07:00,18.5,,1.7,20.0,69,14.6,12.6,1005.4,1015.4,0.2,0.06,2000,19.4,20.8,,2.8,50.0,76,18.6,16.4,1006.0,1014.1,0.0,0.06,2000,21.8
2019-09-13 08:00,19.6,,2.6,20.0,61,13.8,11.8,1005.0,1014.9,0.6,0.67,2000,19.9,22.6,,3.8,50.0,70,19.1,16.8,1006.2,1014.2,1.0,0.8,2000,22.7
2019-09-13 09:00,21.4,,1.9,20.0,56,14.2,12.2,1005.3,1015.2,1.0,1.55,2000,21.0,24.6,,3.0,50.0,64,19.7,17.3,1006.4,1014.3,1.0,1.46,1978,24.4
2019-09-13 10:00,23.3,,2.1,360.0,53,15.1,13.1,1005.0,1014.8,1.0,2.12,2000,24.2,24.3,,4.1,70.0,65,19.6,17.2,1006.1,1014.0,1.0,1.99,2000,25.5
2019-09-13 11:00,24.7,,2.2,20.0,47,14.6,12.6,1004.4,1014.1,1.0,2.63,2000,29.1,25.8,,3.5,70.0,59,19.5,17.1,1005.8,1013.7,0.9,2.08,1982,27.5
2019-09-13 12:00,25.8,,2.6,360.0,48,15.9,13.9,1003.6,1013.4,1.0,2.9,2000,32.0,26.6,,3.2,70.0,56,19.4,17.0,1005.6,1013.5,1.0,3.19,2000,29.5
2019-09-13 13:00,26.9,,2.1,90.0,42,14.8,12.8,1003.1,1012.8,1.0,2.71,1954,33.8,26.7,,3.8,70.0,56,19.5,17.1,1004.8,1012.7,1.0,3.29,2000,30.2
2019-09-13 14:00,27.6,,1.1,360.0,43,15.8,13.8,1002.3,1012.0,1.0,2.77,2000,35.0,27.1,,3.0,70.0,52,18.5,16.3,1004.6,1012.5,1.0,3.17,1981,30.2
2019-09-13 15:00,28.6,,1.1,90.0,40,15.6,13.6,1001.9,1011.5,1.0,2.41,2000,34.9,26.6,,2.4,70.0,57,19.7,17.3,1004.1,1012.0,1.0,2.45,2000,28.7
2019-09-13 16:00,29.0,,1.2,160.0,36,14.4,12.4,1001.9,1011.5,1.0,1.87,1972,33.0,26.3,,2.2,70.0,56,19.1,16.8,1004.1,1012.0,1.0,1.88,2000,27.6
2019-09-13 17:00,29.0,,1.2,200.0,36,14.4,12.4,1001.9,1011.5,1.0,1.19,2000,28.6,25.5,,3.6,70.0,56,18.2,16.0,1004.2,1012.1,1.0,1.4,2000,25.7
2019-09-13 18:00,27.7,,0.7,290.0,43,15.9,13.9,1002.2,1011.9,1.0,0.46,2000,25.5,24.2,,2.9,70.0,63,19.0,16.7,1004.5,1012.4,1.0,0.63,2000,24.8
2019-09-13 19:00,25.7,,1.1,180.0,53,17.4,15.3,1002.5,1012.2,0.1,0.01,2000,23.5,22.6,,2.7,50.0,63,17.2,15.1,1004.9,1012.9,0.4,0.05,2000,23.8
2019-09-13 20:00,24.5,,1.0,320.0,62,19.0,16.7,1002.6,1012.3,,,2000,22.5,22.2,,3.4,50.0,64,17.0,15.0,1005.4,1013.4,,,2000,23.2
2019-09-13 21:00,23.6,,1.4,200.0,69,20.0,17.5,1002.9,1012.7,,,2000,22.0,21.4,,2.9,50.0,68,17.3,15.2,1005.5,1013.5,,,2000,22.8
2019-09-13 22:00,22.9,,0.9,250.0,71,19.7,17.3,1002.7,1012.5,,,2000,21.5,21.3,,2.9,50.0,72,18.2,16.0,1005.3,1013.3,,,2000,22.5
2019-09-13 23:00,22.5,,0.6,290.0,69,18.8,16.5,1002.6,1012.4,,,2000,21.3,21.1,,2.5,50.0,73,18.2,16.0,1005.0,1013.1,,,2000,22.2
2019-09-14 00:00,22.2,,1.3,320.0,70,18.6,16.4,1002.5,1012.3,,,2000,21.6,20.9,,3.6,20.0,77,19.0,16.7,1004.6,1012.7,,,2000,22.0
2019-09-14 01:00,22.0,,1.2,320.0,67,17.6,15.5,1002.3,1012.2,,,2000,21.8,20.9,,2.7,50.0,78,19.2,16.9,1004.3,1012.4,,,2000,21.8
2019-09-14 02:00,22.2,,0.9,320.0,67,17.8,15.7,1002.4,1012.2,,,2000,21.9,20.9,,1.8,20.0,77,19.0,16.7,1004.1,1012.2,,,2000,21.7
2019-09-14 03:00,22.2,,0.8,160.0,68,18.2,16.0,1002.1,1011.9,,,2000,21.9,20.7,,1.1,90.0,78,19.0,16.7,1003.9,1012.0,,,2000,21.6
2019-09-14 04:00,22.0,,1.1,320.0,71,18.6,16.4,1001.8,1011.6,,,2000,21.9,20.4,,0.7,160.0,80,19.1,16.8,1003.8,1011.9,,,2000,21.3
2019-09-14 05:00,22.0,,1.7,50.0,67,17.6,15.5,1001.7,1011.5,,,2000,21.8,20.4,,1.0,360.0,80,19.1,16.8,1003.8,1011.9,,,2000,21.5
2019-09-14 06:00,21.9,,1.6,70.0,68,17.8,15.7,1002.0,1011.9,,,2000,21.7,20.2,,0.7,250.0,81,19.1,16.8,1003.8,1011.9,,,2000,21.2
2019-09-14 07:00,21.7,,0.8,50.0,68,17.6,15.5,1002.3,1012.2,0.0,0.01,2000,21.8,20.7,,0.8,270.0,79,19.2,16.9,1004.1,1012.2,0.0,0.09,2000,21.7
2019-09-14 08:00,21.9,,0.3,0.0,68,17.8,15.7,1002.4,1012.3,0.0,0.13,2000,22.5,22.3,,1.1,360.0,74,19.9,17.4,1004.2,1012.2,0.9,0.67,2000,22.6
2019-09-14 09:00,22.2,,0.9,70.0,67,17.8,15.7,1002.4,1012.2,0.0,0.29,2000,23.6,22.6,,0.9,160.0,74,20.2,17.7,1004.5,1012.5,0.2,0.71,2000,23.4
2019-09-14 10:00,22.6,,1.0,70.0,66,18.1,15.9,1002.5,1012.3,0.0,0.35,2000,23.8,25.5,,1.8,140.0,65,21.2,18.4,1004.4,1012.3,0.7,1.58,2000,25.7
2019-09-14 11:00,23.5,,0.8,20.0,65,18.8,16.5,1001.8,1011.6,0.1,0.73,2000,26.5,26.2,,3.4,200.0,66,22.4,19.3,1003.8,1011.7,1.0,2.58,2000,27.4
2019-09-14 12:00,24.0,,1.0,90.0,65,19.4,17.0,1001.3,1011.0,0.1,0.72,2000,25.4,26.9,,4.1,200.0,65,22.9,19.7,1003.2,1011.1,1.0,3.12,2000,29.5
2019-09-14 13:00,23.6,,2.6,140.0,74,21.4,18.6,1001.0,1010.7,0.0,0.3,1752,24.6,27.4,,3.4,180.0,64,23.2,19.9,1002.8,1010.6,1.0,3.22,2000,30.5
2019-09-14 14:00,23.2,0.0,2.6,140.0,81,22.9,19.7,1000.5,1010.3,0.0,0.2,990,24.2,27.2,,3.1,200.0,65,23.4,20.0,1002.2,1010.1,1.0,3.06,2000,30.6
2019-09-14 15:00,22.6,0.3,0.8,50.0,93,25.5,21.4,1000.2,1010.0,0.0,0.2,416,24.0,27.5,,2.0,230.0,64,23.4,20.0,1002.0,1009.8,1.0,2.65,2000,29.8
2019-09-14 16:00,22.7,0.0,0.5,360.0,93,25.6,21.5,1000.1,1009.9,0.0,0.17,813,24.2,26.8,,2.7,200.0,66,23.2,19.9,1001.8,1009.7,1.0,2.06,2000,28.3
2019-09-14 17:00,22.8,,1.0,340.0,93,25.8,21.6,1000.1,1009.9,0.0,0.14,741,23.9,26.4,,2.3,200.0,65,22.2,19.2,1002.0,1009.9,1.0,1.34,2000,26.8
2019-09-14 18:00,23.0,,1.7,340.0,93,26.1,21.8,1000.5,1010.3,0.0,0.1,728,23.6,26.0,,2.0,200.0,72,24.1,20.5,1002.1,1010.0,1.0,0.55,2000,26.1
2019-09-14 19:00,22.8,0.0,1.4,320.0,93,25.8,21.6,1000.9,1010.7,0.0,0.0,613,23.1,24.6,,1.4,230.0,74,22.8,19.6,1001.9,1009.8,0.3,0.03,2000,25.2
2019-09-14 20:00,22.6,,2.1,360.0,90,24.6,20.8,1001.8,1011.6,,,641,22.9,23.9,,0.6,250.0,78,23.1,19.8,1002.5,1010.4,,,2000,24.6
2019-09-14 21:00,22.2,0.0,0.9,360.0,89,23.7,20.2,1001.9,1011.7,,,518,22.1,23.7,,1.8,250.0,81,23.7,20.2,1002.8,1010.7,,,2000,24.2
2019-09-14 22:00,21.7,,1.3,320.0,95,24.6,20.8,1002.3,1012.2,,,415,21.6,23.3,,2.5,200.0,83,23.7,20.2,1003.3,1011.2,,,2000,23.9
2019-09-14 23:00,21.3,,1.4,320.0,96,24.3,20.6,1001.9,1011.8,,,372,20.7,22.9,,1.9,290.0,80,22.2,19.2,1003.1,1011.1,,,2000,23.7
2020-09-29 00:00,19.0,,2.0,290.0,75,16.4,14.4,1005.0,1015.0,,,1794,16.9,16.8,,2.2,50.0,77,14.7,12.7,1006.1,1014.3,,,5000,17.1
2020-09-29 01:00,18.4,,1.5,290.0,78,16.4,14.4,1004.8,1014.8,,,1779,16.2,16.6,,2.5,50.0,79,14.9,12.9,1005.6,1013.8,,,5000,16.7
2020-09-29 02:00,17.8,,0.4,0.0,80,16.2,14.2,1004.5,1014.5,,,1626,15.7,16.5,,3.1,50.0,80,15.0,13.0,1005.5,1013.7,,,5000,16.5
2020-09-29 03:00,17.0,,0.8,50.0,76,14.7,12.7,1004.2,1014.3,,,1975,15.1,16.9,,2.9,20.0,77,14.8,12.8,1005.3,1013.5,,,5000,16.3
2020-09-29 04:00,16.5,,1.0,340.0,78,14.6,12.6,1003.9,1014.0,,,1969,14.9,16.8,,2.7,50.0,76,14.5,12.5,1004.7,1012.9,,,5000,16.1
2020-09-29 05:00,16.0,,1.6,20.0,81,14.7,12.7,1003.7,1013.8,,,1858,14.8,16.2,,1.5,290.0,79,14.5,12.5,1004.6,1012.8,,,5000,15.7
2020-09-29 06:00,15.5,,1.7,20.0,84,14.8,12.8,1003.7,1013.8,,,1723,14.6,15.7,,2.0,320.0,79,14.0,12.0,1004.6,1012.8,,,5000,15.4
2020-09-29 07:00,15.4,,1.5,20.0,85,14.8,12.8,1003.7,1013.9,0.0,0.06,1492,15.3,16.4,,1.3,250.0,74,13.7,11.7,1004.2,1012.4,0.3,0.07,5000,15.6
2020-09-29 08:00,16.3,,2.4,50.0,84,15.5,13.5,1003.7,1013.8,0.4,0.44,1375,17.8,19.0,,0.4,0.0,67,14.7,12.7,1004.3,1012.4,1.0,0.66,5000,18.3
2020-09-29 09:00,17.8,,1.3,50.0,80,16.2,14.2,1003.4,1013.4,0.5,0.77,1311,20.5,21.6,,1.6,140.0,64,16.4,14.4,1003.8,1011.8,1.0,1.44,5000,24.5
2020-09-29 10:00,20.1,,1.2,50.0,71,16.6,14.6,1002.9,1012.9,1.0,1.65,1300,26.3,23.3,,2.5,70.0,54,15.4,13.4,1003.4,1011.3,1.0,2.14,5000,25.9
2020-09-29 11:00,22.0,,2.4,290.0,57,15.0,13.0,1002.2,1012.1,1.0,2.26,1733,30.9,24.8,,2.8,110.0,53,16.5,14.5,1002.8,1010.7,1.0,2.57,5000,32.6
2020-09-29 12:00,22.9,,3.5,290.0,50,13.9,11.9,1001.5,1011.3,1.0,2.38,1885,32.7,24.2,,3.2,90.0,51,15.4,13.4,1001.8,1009.7,1.0,2.86,5000,38.1
2020-09-29 13:00,22.5,,3.0,290.0,46,12.4,10.2,1000.6,1010.4,0.4,1.77,2000,29.7,25.3,,2.7,110.0,44,14.1,12.1,1000.9,1008.8,1.0,2.98,5000,43.5
2020-09-29 14:00,22.7,,2.0,290.0,49,13.5,11.4,1000.2,1010.0,0.3,1.57,1898,29.3,24.8,,3.3,110.0,45,14.0,12.0,1000.2,1008.0,1.0,2.72,5000,41.5
2020-09-29 15:00,23.2,,2.2,290.0,48,13.6,11.5,999.8,1009.6,0.4,1.46,2000,28.6,24.6,,3.6,110.0,40,12.3,10.0,1000.0,1007.9,0.8,1.87,5000,39.5
2020-09-29 16:00,23.7,,3.5,20.0,51,14.9,12.9,999.5,1009.2,0.7,1.35,2000,28.8,23.4,,3.3,110.0,54,15.5,13.5,999.8,1007.7,1.0,1.87,5000,32.7
2020-09-29 17:00,22.7,,2.8,290.0,52,14.3,12.3,999.7,1009.5,0.6,0.89,2000,24.7,22.2,,2.3,90.0,61,16.3,14.3,1000.0,1008.0,0.6,0.73,5000,28.0
2020-09-29 18:00,21.8,,2.4,270.0,56,14.6,12.6,999.8,1009.6,0.0,0.23,1985,21.8,20.7,,2.5,90.0,64,15.6,13.6,1000.2,1008.2,0.3,0.29,5000,23.8
2020-09-29 19:00,21.1,,2.1,250.0,61,15.2,13.2,1000.0,1009.9,0.0,0.01,1677,20.2,20.0,,2.1,50.0,58,13.5,11.4,1000.6,1008.7,0.0,0.01,5000,21.5
2020-09-29 20:00,20.5,,1.5,270.0,67,16.1,14.1,1000.2,1010.1,,,1993,19.4,19.4,,2.1,50.0,65,14.6,12.6,1000.7,1008.7,,,5000,20.3
2020-09-29 21:00,19.9,,1.8,290.0,70,16.2,14.2,1000.3,1010.3,,,1988,18.6,19.1,,1.9,50.0,63,13.8,11.8,1001.1,1009.1,,,5000,19.2
2020-09-29 22:00,19.5,,1.3,320.0,71,16.0,14.0,1000.5,1010.4,,,1968,18.0,18.5,,1.9,50.0,69,14.6,12.6,1001.1,1009.2,,,5000,18.6
2020-09-29 23:00,19.2,,1.3,290.0,74,16.4,14.4,1000.3,1010.2,,,1887,17.7,18.3,,2.2,50.0,71,14.9,12.9,1001.1,1009.2,,,5000,18.1
2020-09-30 00:00,18.8,,1.7,290.0,77,16.6,14.6,1000.3,1010.2,,,1699,17.5,18.2,,2.7,50.0,73,15.2,13.2,1000.7,1008.8,,,5000,18.0
2020-09-30 01:00,18.4,,0.4,0.0,78,16.4,14.4,1000.1,1010.0,,,1521,17.2,18.2,,2.7,50.0,76,15.8,13.8,1000.4,1008.5,,,5000,17.7
2020-09-30 02:00,18.2,,1.5,290.0,81,16.8,14.8,1000.4,1010.4,,,1476,16.9,18.5,,2.4,50.0,77,16.3,14.3,1000.5,1008.6,,,5000,18.1
2020-09-30 03:00,17.8,,1.9,20.0,82,16.6,14.6,1000.2,1010.2,,,1208,16.7,18.1,,0.9,200.0,75,15.5,13.5,1000.3,1008.4,,,5000,18.1
2020-09-30 04:00,17.3,,1.1,50.0,82,16.1,14.1,1000.0,1010.0,,,1260,16.0,18.1,,1.4,90.0,76,15.7,13.7,1000.0,1008.1,,,5000,17.7
2020-09-30 05:00,16.8,,1.3,20.0,85,16.2,14.2,999.9,1009.9,,,1019,15.9,17.9,,2.0,50.0,78,16.0,14.0,1000.1,1008.2,,,5000,17.3
2020-09-30 06:00,16.5,,1.1,50.0,86,16.1,14.1,1000.2,1010.3,,,972,15.5,17.6,,1.0,50.0,76,15.3,13.3,1000.6,1008.7,,,5000,16.9
2020-09-30 07:00,16.2,,2.1,20.0,87,16.0,14.0,1000.5,1010.6,0.0,0.03,867,15.7,17.7,,1.3,50.0,76,15.4,13.4,1000.9,1009.0,0.2,0.07,5000,17.3
2020-09-30 08:00,16.9,,2.4,50.0,89,17.0,15.0,1001.0,1011.0,0.0,0.27,841,17.7,20.4,,2.8,50.0,71,16.9,14.9,1001.2,1009.3,0.9,0.67,5000,20.1
2020-09-30 09:00,18.5,,1.2,70.0,82,17.4,15.3,1001.4,1011.3,0.4,0.73,1336,21.1,21.8,,3.7,50.0,68,17.7,15.6,1001.5,1009.5,1.0,1.37,5000,25.3
2020-09-30 10:00,20.6,,2.1,70.0,70,16.9,14.9,1001.5,1011.4,0.8,1.57,1866,25.7,23.4,,2.0,70.0,61,17.5,15.4,1001.4,1009.3,1.0,1.93,5000,26.7
2020-09-30 11:00,22.3,,2.4,50.0,64,17.2,15.1,1001.1,1010.9,0.7,2.07,1915,31.4,24.8,,2.2,90.0,57,17.7,15.6,1001.2,1009.1,0.8,2.42,5000,34.0
2020-09-30 12:00,23.5,,2.8,20.0,59,17.0,15.0,1000.8,1010.6,0.8,2.29,1969,32.7,24.4,,3.5,50.0,56,17.0,15.0,1000.9,1008.8,0.7,2.47,5000,37.4
2020-09-30 13:00,24.7,,1.7,110.0,52,16.1,14.1,1000.2,1009.9,0.8,2.46,1869,33.6,24.8,,2.9,90.0,53,16.5,14.5,1000.5,1008.4,0.8,2.55,5000,40.3
2020-09-30 14:00,25.6,,1.6,180.0,50,16.3,14.3,999.7,1009.4,1.0,2.63,1836,34.5,22.9,,3.8,70.0,62,17.3,15.2,1000.2,1008.1,0.4,1.75,4396,33.5
2020-09-30 15:00,24.5,,2.3,360.0,52,15.9,13.9,999.3,1009.0,0.4,1.27,2000,29.3,23.3,,3.4,90.0,58,16.5,14.5,1000.1,1008.0,0.5,1.72,5000,35.3
2020-09-30 16:00,23.7,0.0,2.2,250.0,58,16.9,14.9,999.3,1009.0,0.0,0.43,1652,25.4,22.4,,3.6,90.0,61,16.5,14.5,1000.5,1008.5,0.6,1.32,5000,30.1
2020-09-30 17:00,20.9,4.1,2.2,230.0,81,20.0,17.5,999.7,1009.6,0.0,0.18,361,21.3,21.6,,3.1,70.0,60,15.4,13.4,1000.8,1008.8,0.2,0.56,5000,26.5
2020-09-30 18:00,20.7,0.2,1.9,360.0,82,20.0,17.5,999.9,1009.8,0.0,0.07,622,21.1,20.5,,2.3,70.0,67,16.1,14.1,1001.3,1009.4,0.0,0.14,5000,22.9
2020-09-30 19:00,19.0,29.5,2.7,160.0,90,19.7,17.3,1000.8,1010.7,0.0,0.0,92,18.1,19.7,,2.9,50.0,66,15.1,13.1,1001.6,1009.6,0.0,0.0,4970,21.0
2020-09-30 20:00,18.4,4.5,1.9,360.0,91,19.1,16.8,1000.6,1010.5,,,574,17.9,19.1,,2.5,50.0,69,15.2,13.2,1002.6,1010.7,,,4278,19.9
2020-09-30 21:00,18.2,,0.7,290.0,91,19.0,16.7,1001.3,1011.3,,,809,17.3,18.9,,3.0,50.0,64,13.9,11.9,1002.9,1011.0,,,5000,19.4
2020-09-30 22:00,17.6,,1.5,20.0,92,18.4,16.2,1001.5,1011.5,,,1161,17.1,18.4,,2.4,50.0,68,14.3,12.3,1003.1,1011.2,,,5000,18.6
2020-09-30 23:00,17.1,,2.2,20.0,92,17.8,15.7,1001.8,1011.8,,,1071,16.7,17.9,,2.1,50.0,71,14.5,12.5,1003.2,1011.3,,,5000,18.0
2020-10-01 00:00,16.8,,1.9,50.0,90,17.2,15.1,1001.8,1011.9,,,1999,16.6,17.7,,2.9,70.0,73,14.7,12.7,1003.5,1011.6,,,5000,17.6
2020-10-01 01:00,16.5,,2.6,50.0,88,16.4,14.4,1001.8,1011.9,,,2000,16.2,17.7,,2.7,70.0,72,14.5,12.5,1003.6,1011.7,,,5000,17.4
2020-10-01 02:00,16.2,,2.3,50.0,87,16.0,14.0,1002.0,1012.1,,,2000,15.9,17.4,,2.8,50.0,73,14.5,12.5,1003.4,1011.5,,,5000,17.0
2020-10-01 03:00,16.2,,2.1,70.0,88,16.2,14.2,1002.3,1012.4,,,1993,16.5,17.3,,2.6,50.0,73,14.4,12.4,1003.4,1011.5,,,5000,16.8
2020-10-01 04:00,16.2,,1.8,50.0,85,15.6,13.6,1002.1,1012.2,,,2000,15.8,17.2,,2.5,70.0,76,14.9,12.9,1003.8,1012.0,,,5000,16.6
2020-10-01 05:00,15.9,,1.9,70.0,86,15.5,13.5,1002.5,1012.6,,,2000,15.4,17.1,,2.0,20.0,72,14.0,12.0,1004.0,1012.2,,,5000,16.4
2020-10-01 06:00,15.7,,3.0,50.0,87,15.5,13.5,1002.6,1012.7,,,2000,15.2,16.8,,0.6,70.0,73,13.9,11.9,1004.5,1012.7,,,5000,16.0
2020-10-01 07:00,15.8,,1.7,50.0,87,15.6,13.6,1003.3,1013.4,0.0,0.03,2000,16.2,17.3,,0.3,0.0,75,14.8,12.8,1004.9,1013.1,0.3,0.07,4601,16.5
2020-10-01 08:00,16.6,,2.3,50.0,84,15.8,13.8,1003.9,1014.0,0.1,0.29,2000,17.0,20.0,,2.1,50.0,67,15.6,13.6,1005.3,1013.4,0.9,0.59,5000,19.1
2020-10-01 09:00,17.9,,1.6,50.0,80,16.3,14.3,1004.4,1014.4,0.4,0.76,2000,19.6,21.3,,2.8,50.0,66,16.6,14.6,1005.7,1013.8,1.0,1.36,5000,24.7
2020-10-01 10:00,19.4,,2.1,110.0,74,16.6,14.6,1004.5,1014.4,0.3,1.27,2000,22.4,22.9,,2.5,50.0,61,16.9,14.9,1006.1,1014.1,1.0,2.01,5000,26.3
2020-10-01 11:00,20.2,,1.9,140.0,71,16.7,14.7,1004.6,1014.6,0.0,1.09,1950,23.7,22.8,,1.2,140.0,63,17.4,15.3,1006.1,1014.1,0.5,1.74,5000,28.8
2020-10-01 12:00,20.7,,2.3,200.0,68,16.5,14.5,1004.1,1014.0,0.2,1.25,1854,23.4,23.6,,2.8,110.0,64,18.5,16.3,1006.0,1013.9,0.5,2.07,5000,35.3
2020-10-01 13:00,22.0,,2.9,160.0,66,17.4,15.3,1003.1,1013.0,0.3,1.48,1862,25.1,24.0,,3.0,110.0,64,19.0,16.7,1005.6,1013.5,0.9,2.81,5000,39.8
2020-10-01 14:00,22.7,,2.4,160.0,65,17.8,15.7,1002.3,1012.1,0.5,1.82,1559,25.5,24.0,,3.5,90.0,61,18.2,16.0,1005.1,1013.0,0.9,2.62,5000,41.9
2020-10-01 15:00,23.4,,1.5,110.0,61,17.5,15.4,1002.5,1012.3,0.7,1.67,1611,25.1,23.4,,3.4,90.0,65,18.6,16.4,1005.0,1012.9,0.9,2.22,5000,38.9
2020-10-01 16:00,22.6,,2.8,200.0,62,16.9,14.9,1002.3,1012.1,0.0,0.48,1226,22.8,22.9,,3.0,90.0,67,18.6,16.4,1005.1,1013.1,1.0,1.71,5000,32.4
2020-10-01 17:00,21.5,,4.4,230.0,66,16.8,14.8,1002.8,1012.7,0.0,0.5,1216,21.5,22.1,,2.4,90.0,70,18.5,16.3,1005.0,1013.0,1.0,0.99,5000,27.2
2020-10-01 18:00,20.5,,2.6,250.0,69,16.6,14.6,1003.1,1013.0,0.0,0.23,1019,19.7,20.3,,2.6,70.0,75,17.8,15.7,1005.2,1013.3,0.7,0.28,5000,23.5
2020-10-01 19:00,19.5,,2.4,250.0,71,16.0,14.0,1003.5,1013.4,0.0,0.02,1192,18.0,19.6,,2.3,50.0,76,17.3,15.2,1006.1,1014.2,0.0,0.01,5000,21.7
2020-10-01 20:00,18.9,,1.4,200.0,73,15.9,13.9,1003.7,1013.6,,,1219,17.4,19.1,,2.3,50.0,78,17.2,15.1,1006.6,1014.7,,,5000,20.5
2020-10-01 21:00,18.4,,2.1,230.0,71,15.0,13.0,1003.9,1013.9,,,1296,17.1,18.7,,2.1,50.0,79,16.9,14.9,1006.9,1015.0,,,5000,19.6
2020-10-01 22:00,18.0,,1.0,250.0,74,15.2,13.2,1003.9,1013.9,,,1196,17.2,18.7,,2.3,50.0,81,17.4,15.3,1006.7,1014.8,,,5000,19.4
2020-10-01 23:00,17.9,,0.8,90.0,75,15.3,13.3,1004.0,1014.0,,,1088,17.2,18.4,,2.6,50.0,81,17.0,15.0,1006.6,1014.7,,,5000,18.8
2020-10-02 00:00,17.5,,1.2,160.0,75,15.0,13.0,1003.9,1013.9,,,1117,16.3,18.2,,2.1,50.0,83,17.3,15.2,1006.7,1014.8,,,5000,18.3
2020-10-02 01:00,17.2,,1.3,230.0,78,15.3,13.3,1004.2,1014.3,,,1112,15.8,18.1,,2.1,50.0,81,16.7,14.7,1006.7,1014.8,,,5000,17.9
2020-10-02 02:00,16.7,,1.1,180.0,81,15.4,13.4,1004.7,1014.8,,,1064,15.3,18.0,,0.8,20.0,82,16.8,14.8,1006.7,1014.8,,,5000,17.5
2020-10-02 03:00,16.5,,1.6,160.0,81,15.2,13.2,1004.1,1014.2,,,1000,15.1,17.6,,1.0,360.0,82,16.4,14.4,1006.7,1014.9,,,5000,16.9
2020-10-02 04:00,16.4,,0.8,90.0,84,15.6,13.6,1003.9,1014.0,,,947,15.7,17.4,,0.8,320.0,86,17.0,15.0,1006.6,1014.8,,,5000,16.5
2020-10-02 05:00,16.4,,0.7,90.0,84,15.6,13.6,1004.0,1014.1,,,937,16.0,17.1,,1.1,360.0,87,16.9,14.9,1006.5,1014.7,,,4248,16.4
2020-10-02 06:00,16.6,,1.1,50.0,84,15.8,13.8,1004.2,1014.3,,,896,16.0,16.8,,0.1,0.0,86,16.4,14.4,1006.8,1015.0,,,4462,15.8
2020-10-02 07:00,16.6,,1.0,90.0,85,16.0,14.0,1004.6,1014.7,0.0,0.03,916,16.2,17.2,,0.6,110.0,86,16.8,14.8,1006.9,1015.1,0.0,0.05,3584,16.4
2020-10-02 08:00,17.6,,0.9,160.0,82,16.4,14.4,1004.7,1014.7,0.7,0.43,883,17.8,20.1,,0.9,140.0,78,18.3,16.1,1007.7,1015.8,0.8,0.58,4179,19.4
2020-10-02 09:00,19.1,,3.0,180.0,78,17.2,15.1,1005.0,1014.9,0.2,0.66,859,20.4,23.0,,1.3,110.0,69,19.2,16.9,1007.8,1015.8,1.0,1.32,4994,25.2
2020-10-02 10:00,19.4,,2.7,180.0,76,17.0,15.0,1004.8,1014.7,0.0,0.48,891,20.2,24.0,,2.1,110.0,65,19.4,17.0,1007.5,1015.4,1.0,2.0,5000,27.6
2020-10-02 11:00,21.5,,3.8,180.0,69,17.6,15.5,1004.4,1014.3,0.7,1.94,1752,25.0,23.1,,3.2,180.0,64,18.1,15.9,1007.3,1015.3,0.9,2.41,5000,30.8
2020-10-02 12:00,21.8,,3.9,230.0,65,16.9,14.9,1004.5,1014.4,0.3,1.6,1206,24.5,23.9,,4.8,180.0,59,17.4,15.3,1006.7,1014.6,0.9,2.78,5000,38.5
2020-10-02 13:00,21.3,,4.2,230.0,65,16.4,14.4,1004.2,1014.1,0.0,0.48,1411,20.9,24.0,,5.7,180.0,63,18.8,16.5,1006.4,1014.3,1.0,2.92,5000,42.8
2020-10-02 14:00,20.9,,3.7,200.0,67,16.5,14.5,1003.9,1013.8,0.0,0.15,1421,19.8,24.3,,5.9,180.0,61,18.4,16.2,1005.7,1013.6,1.0,2.76,5000,43.5
2020-10-02 15:00,19.9,0.0,2.4,200.0,77,17.8,15.7,1004.2,1014.2,0.0,0.12,1389,19.5,23.8,,5.8,200.0,64,18.8,16.5,1005.4,1013.3,1.0,2.36,5000,41.0
2020-10-02 16:00,19.8,,2.8,180.0,80,18.4,16.2,1004.2,1014.2,0.0,0.17,1166,19.7,24.0,,5.1,180.0,65,19.4,17.0,1005.4,1013.3,1.0,1.74,5000,33.5
2020-10-02 17:00,20.1,,1.8,180.0,81,19.0,16.7,1004.3,1014.3,0.0,0.2,1174,19.8,22.8,,4.5,180.0,72,19.9,17.4,1005.5,1013.5,1.0,0.95,5000,28.1
2020-10-02 18:00,20.1,,0.9,180.0,80,18.8,16.5,1004.5,1014.5,0.0,0.07,1196,19.4,21.9,,2.9,200.0,71,18.5,16.3,1005.9,1013.9,0.6,0.29,5000,24.5
2020-10-02 19:00,20.1,,3.7,180.0,82,19.2,16.9,1004.6,1014.6,0.0,0.01,1213,19.0,21.1,,1.5,200.0,75,18.6,16.4,1006.2,1014.3,0.0,0.0,5000,22.7
2020-10-02 20:00,20.0,,2.4,200.0,85,19.7,17.3,1004.9,1014.9,,,1060,19.0,21.0,,2.8,270.0,75,18.5,16.3,1006.9,1015.0,,,5000,22.1
2020-10-02 21:00,19.9,,1.4,200.0,85,19.6,17.2,1004.8,1014.8,,,909,19.0,21.0,,2.8,270.0,75,18.5,16.3,1006.9,1015.0,,,5000,21.8
2020-10-02 22:00,19.9,,1.6,180.0,86,19.9,17.4,1005.1,1015.1,,,890,19.0,20.6,,1.8,270.0,78,18.9,16.6,1006.8,1014.9,,,4994,21.3
2020-10-02 23:00,19.9,,2.4,180.0,86,19.9,17.4,1005.2,1015.2,,,855,18.9,20.4,,3.0,270.0,81,19.4,17.0,1007.4,1015.5,,,4314,21.0
2021-09-19 00:00,22.5,,0.3,0.0,74,20.1,17.6,1006.3,1016.2,,,2000,20.7,20.5,,1.9,50.0,82,19.7,17.3,1007.5,1015.6,,,5000,19.9
2021-09-19 01:00,22.0,,1.4,50.0,76,20.0,17.5,1006.1,1016.0,,,2000,20.4,20.2,,2.1,50.0,82,19.4,17.0,1007.4,1015.5,,,5000,19.6
2021-09-19 02:00,21.6,,1.9,50.0,77,19.7,17.3,1006.1,1016.0,,,2000,20.2,20.0,,2.0,50.0,82,19.1,16.8,1007.1,1015.2,,,5000,19.3
2021-09-19 03:00,21.5,,1.8,50.0,74,18.9,16.6,1005.9,1015.8,,,2000,20.7,20.0,,1.8,50.0,82,19.1,16.8,1006.9,1015.0,,,5000,19.4
2021-09-19 04:00,21.5,,2.4,50.0,74,18.9,16.6,1006.1,1016.0,,,2000,20.8,19.8,,2.7,50.0,83,19.1,16.8,1006.9,1015.0,,,5000,19.0
2021-09-19 05:00,21.4,,2.0,50.0,74,18.8,16.5,1006.0,1015.9,,,2000,20.8,19.5,,2.0,70.0,83,18.8,16.5,1007.0,1015.1,,,5000,18.8
2021-09-19 06:00,21.3,,1.9,50.0,75,18.9,16.6,1006.4,1016.3,,,2000,20.7,19.4,,1.7,50.0,84,18.9,16.6,1007.4,1015.5,,,5000,18.6
2021-09-19 07:00,21.2,,1.6,50.0,76,19.0,16.7,1006.9,1016.8,0.1,0.07,2000,21.3,20.5,,2.5,50.0,80,19.2,16.9,1007.8,1015.9,0.3,0.09,5000,19.1
2021-09-19 08:00,22.0,,2.0,50.0,74,19.5,17.1,1007.0,1016.9,0.3,0.46,2000,23.4,22.4,,2.7,50.0,72,19.4,17.0,1007.9,1015.9,1.0,0.79,5000,21.5
2021-09-19 09:00,23.2,,1.7,70.0,71,20.1,17.6,1007.0,1016.8,0.2,0.77,2000,26.7,23.9,,2.9,50.0,67,19.7,17.3,1007.9,1015.9,0.9,1.34,5000,25.9
2021-09-19 10:00,24.8,,1.9,70.0,68,21.2,18.4,1007.0,1016.8,0.3,1.24,2000,36.0,24.1,,3.4,70.0,65,19.5,17.1,1008.0,1015.9,0.8,1.8,5000,24.1
2021-09-19 11:00,26.2,,1.8,70.0,62,21.0,18.3,1006.7,1016.5,0.7,2.31,2000,37.9,24.8,,4.1,50.0,64,20.0,17.5,1007.6,1015.5,0.6,2.23,5000,28.5
2021-09-19 12:00,26.9,,2.1,50.0,58,20.5,17.9,1006.1,1015.8,0.3,2.17,2000,38.4,26.3,,3.3,70.0,60,20.5,17.9,1006.6,1014.5,1.0,3.01,5000,33.2
2021-09-19 13:00,26.6,,2.1,50.0,61,21.2,18.4,1005.8,1015.5,0.0,1.25,2000,33.8,27.7,,2.0,70.0,56,20.8,18.1,1006.2,1014.1,0.9,2.99,5000,37.8
2021-09-19 14:00,26.8,,2.1,50.0,57,20.0,17.5,1005.3,1015.0,0.0,1.4,2000,36.3,26.8,,3.4,90.0,61,21.4,18.6,1005.8,1013.7,1.0,3.12,5000,36.5
2021-09-19 15:00,27.5,,2.0,70.0,55,20.1,17.6,1004.7,1014.4,0.4,1.79,2000,39.0,26.5,,3.2,90.0,64,22.1,19.1,1005.7,1013.6,1.0,2.58,5000,33.8
2021-09-19 16:00,27.3,,2.3,50.0,51,18.4,16.2,1004.6,1014.3,0.4,1.48,2000,34.5,25.7,,3.6,70.0,62,20.4,17.8,1005.8,1013.7,0.8,1.7,5000,27.9
2021-09-19 17:00,26.7,,2.6,70.0,53,18.5,16.3,1004.3,1014.0,0.1,0.73,2000,30.1,24.8,,3.2,70.0,62,19.4,17.0,1005.9,1013.8,1.0,1.32,5000,25.1
2021-09-19 18:00,25.7,,2.4,50.0,52,17.0,15.0,1004.4,1014.2,0.0,0.25,2000,26.1,23.7,,3.2,50.0,67,19.6,17.2,1006.1,1014.0,1.0,0.54,5000,23.0
2021-09-19 19:00,24.7,,1.9,50.0,52,16.1,14.1,1004.6,1014.3,0.0,0.05,2000,23.8,22.1,,3.6,50.0,70,18.5,16.3,1006.1,1014.1,0.2,0.04,5000,21.4
2021-09-19 20:00,23.5,,2.0,50.0,52,15.0,13.0,1004.9,1014.7,,,2000,21.8,21.6,,3.3,50.0,74,19.0,16.7,1006.4,1014.4,,,5000,20.8
2021-09-19 21:00,22.7,,1.6,50.0,54,14.9,12.9,1005.2,1015.0,,,2000,20.9,21.2,,1.5,50.0,75,18.8,16.5,1007.1,1015.2,,,5000,20.4
2021-09-19 22:00,22.2,,1.8,50.0,58,15.5,13.5,1005.4,1015.3,,,2000,20.4,20.9,,1.4,50.0,78,19.2,16.9,1007.1,1015.2,,,5000,20.2
2021-09-19 23:00,21.4,,1.8,50.0,62,15.8,13.8,1005.4,1015.3,,,2000,19.7,20.6,,2.9,50.0,81,19.6,17.2,1007.1,1015.2,,,5000,19.9
2021-09-20 00:00,20.8,,1.8,50.0,64,15.7,13.7,1005.1,1015.0,,,2000,19.1,20.5,,2.4,50.0,81,19.5,17.1,1006.8,1014.9,,,5000,19.8
2021-09-20 01:00,20.3,,1.8,50.0,67,15.9,13.9,1004.6,1014.6,,,2000,18.7,20.3,,3.1,50.0,83,19.7,17.3,1006.3,1014.4,,,5000,19.6
2021-09-20 02:00,20.1,,2.0,50.0,70,16.4,14.4,1004.1,1014.1,,,2000,18.4,20.4,,2.3,50.0,84,20.0,17.5,1006.0,1014.1,,,5000,19.6
2021-09-20 03:00,19.9,,2.6,50.0,73,16.9,14.9,1003.5,1013.5,,,2000,18.3,20.3,,2.3,50.0,84,20.0,17.5,1005.5,1013.6,,,5000,19.7
2021-09-20 04:00,19.5,,2.1,50.0,76,17.2,15.1,1003.3,1013.2,,,2000,18.1,20.2,,2.8,50.0,85,20.0,17.5,1005.0,1013.1,,,5000,19.5
2021-09-20 05:00,19.2,,1.7,50.0,78,17.3,15.2,1003.3,1013.2,,,2000,17.9,20.0,,2.4,50.0,85,19.7,17.3,1004.9,1013.0,,,5000,19.2
2021-09-20 06:00,19.1,,2.0,110.0,81,17.8,15.7,1003.0,1012.9,,,2000,17.8,20.1,,3.0,50.0,82,19.2,16.9,1004.8,1012.9,,,5000,19.1
2021-09-20 07:00,19.2,,1.1,50.0,80,17.7,15.6,1003.7,1013.6,0.3,0.07,2000,18.2,20.4,,2.3,50.0,80,19.1,16.8,1005.2,1013.3,0.0,0.06,5000,19.6
2021-09-20 08:00,20.9,,2.0,70.0,76,18.8,16.5,1004.1,1014.0,1.0,0.62,2000,19.6,21.0,,2.4,50.0,79,19.6,17.2,1005.5,1013.6,0.0,0.26,5000,21.1
2021-09-20 09:00,23.1,,2.2,90.0,67,18.9,16.6,1004.2,1014.0,1.0,1.4,2000,30.0,23.5,,2.5,70.0,72,20.8,18.1,1005.6,1013.5,0.6,0.98,5000,24.4
2021-09-20 10:00,24.4,,2.7,90.0,60,18.3,16.1,1003.9,1013.6,1.0,2.03,2000,36.9,25.4,,3.2,70.0,69,22.2,19.2,1005.4,1013.3,0.9,2.1,5000,26.2
2021-09-20 11:00,24.8,,2.3,110.0,61,19.0,16.7,1003.6,1013.4,0.8,1.7,2000,35.7,26.0,,3.2,90.0,69,23.1,19.8,1005.3,1013.2,0.9,2.74,5000,31.9
2021-09-20 12:00,26.0,,1.9,90.0,57,19.1,16.8,1002.6,1012.3,1.0,2.58,2000,42.0,26.0,,3.3,70.0,67,22.4,19.3,1004.7,1012.6,0.2,1.86,5000,32.9
2021-09-20 13:00,26.8,,3.3,90.0,54,19.0,16.7,1001.8,1011.5,1.0,2.95,2000,46.6,27.1,,3.4,90.0,66,23.5,20.1,1004.2,1012.1,1.0,3.11,5000,38.7
2021-09-20 14:00,27.5,,4.1,110.0,52,19.0,16.7,1000.8,1010.5,1.0,2.62,2000,46.7,26.7,,3.5,90.0,70,24.4,20.7,1003.7,1011.6,0.9,2.87,5000,35.4
2021-09-20 15:00,28.0,,4.3,110.0,50,18.9,16.6,999.4,1009.0,1.0,2.59,2000,44.6,25.6,,2.5,70.0,74,24.3,20.6,1003.4,1011.3,0.0,1.29,5000,31.4
2021-09-20 16:00,27.5,,3.5,90.0,51,18.6,16.4,999.1,1008.7,0.9,1.66,2000,34.9,24.8,,3.6,70.0,76,23.7,20.2,1003.1,1011.0,0.0,0.98,5000,28.9
2021-09-20 17:00,27.2,,6.1,140.0,50,17.9,15.8,998.5,1008.1,1.0,1.25,2000,30.0,24.6,,3.0,50.0,79,24.4,20.7,1003.0,1010.9,0.2,0.8,5000,27.2
2021-09-20 18:00,25.8,,3.7,140.0,54,17.8,15.7,998.2,1007.9,0.3,0.36,2000,25.6,23.7,,3.2,50.0,83,24.3,20.6,1002.4,1010.3,0.5,0.38,5000,24.7
2021-09-20 19:00,25.1,,2.7,140.0,57,18.1,15.9,998.8,1008.5,0.0,0.03,2000,23.6,23.0,,2.9,50.0,84,23.5,20.1,1002.7,1010.6,0.0,0.02,4992,23.3
2021-09-20 20:00,24.9,,2.7,90.0,59,18.5,16.3,998.3,1008.0,,,2000,23.6,22.9,,2.2,50.0,84,23.4,20.0,1003.1,1011.1,,,5000,23.2
2021-09-20 21:00,24.5,,3.0,110.0,60,18.4,16.2,998.4,1008.1,,,2000,23.1,22.9,,2.0,50.0,84,23.4,20.0,1003.1,1011.1,,,5000,23.0
2021-09-20 22:00,24.2,,2.9,90.0,63,19.0,16.7,997.5,1007.2,,,2000,22.3,22.9,,1.4,70.0,85,23.7,20.2,1002.9,1010.9,,,5000,22.8
2021-09-20 23:00,23.8,,3.6,110.0,66,19.4,17.0,997.7,1007.4,,,2000,22.2,22.7,,2.2,50.0,87,24.0,20.4,1002.8,1010.8,,,4622,22.5
2021-09-21 00:00,23.5,,3.3,90.0,67,19.4,17.0,996.8,1006.5,,,2000,22.8,23.0,,0.9,50.0,89,24.9,21.0,1002.4,1010.3,,,3948,22.9
2021-09-21 01:00,21.9,4.7,2.1,90.0,85,22.2,19.2,996.4,1006.2,,,189,20.9,23.2,,0.3,0.0,89,25.2,21.2,1001.8,1009.7,,,3274,22.9
2021-09-21 02:00,20.9,10.6,2.3,50.0,92,22.7,19.5,996.0,1005.9,,,457,20.6,23.2,,2.0,200.0,94,26.6,22.1,1001.3,1009.2,,,1467,22.7
2021-09-21 03:00,20.8,0.7,2.2,70.0,96,23.5,20.1,995.2,1005.0,,,881,21.1,23.4,,3.4,200.0,93,26.6,22.1,1000.7,1008.6,,,1452,23.0
2021-09-21 04:00,20.6,6.0,2.2,70.0,94,22.7,19.5,994.4,1004.3,,,957,20.9,23.8,,4.8,200.0,89,26.1,21.8,1000.6,1008.5,,,3501,23.0
2021-09-21 05:00,20.7,0.6,1.6,90.0,97,23.7,20.2,994.5,1004.3,,,572,21.1,23.6,,4.8,200.0,94,27.2,22.5,1000.1,1008.0,,,2677,23.2
2021-09-21 06:00,20.7,10.0,0.8,200.0,98,23.8,20.3,995.4,1005.3,,,198,20.7,23.5,,4.5,200.0,93,26.8,22.2,999.8,1007.7,,,3068,22.9
2021-09-21 07:00,20.8,6.7,1.2,160.0,98,24.0,20.4,995.8,1005.7,0.0,0.01,327,20.9,24.3,,5.2,200.0,88,26.6,22.1,999.6,1007.5,0.2,0.16,3903,24.0
2021-09-21 08:00,21.1,1.3,0.7,70.0,94,23.4,20.0,994.9,1004.7,0.0,0.16,2000,22.1,24.6,,4.8,200.0,89,27.4,22.6,999.6,1007.5,0.1,0.38,2675,25.3
2021-09-21 09:00,21.2,0.0,1.7,140.0,93,23.4,20.0,995.4,1005.2,0.0,0.22,1934,21.9,25.0,,6.7,200.0,87,27.4,22.6,999.5,1007.4,0.0,0.48,3134,26.2
2021-09-21 10:00,21.2,0.0,2.9,180.0,92,23.1,19.8,995.7,1005.5,0.0,0.21,2000,22.3,24.9,0.0,5.8,200.0,87,27.2,22.5,999.4,1007.3,0.0,0.77,2949,26.6
2021-09-21 11:00,21.4,1.0,2.6,200.0,94,23.8,20.3,995.7,1005.5,0.0,0.36,1996,24.7,23.2,4.5,6.9,200.0,98,27.7,22.8,999.6,1007.5,0.0,0.11,355,24.3
2021-09-21 12:00,22.9,,2.9,200.0,88,24.4,20.7,995.3,1005.0,0.3,1.25,2000,28.8,22.6,1.5,6.7,230.0,95,26.0,21.7,999.5,1007.4,0.0,0.19,2233,24.0
2021-09-21 13:00,24.2,,2.8,200.0,77,23.2,19.9,994.9,1004.6,0.3,1.64,2000,31.4,23.3,0.6,8.1,230.0,94,26.8,22.2,997.9,1005.8,0.1,0.97,3115,27.6
2021-09-21 14:00,25.2,,4.1,230.0,68,21.7,18.8,994.3,1004.0,0.6,2.28,2000,31.0,23.0,0.1,7.0,230.0,96,26.9,22.3,997.5,1005.4,0.0,0.79,2142,25.6
2021-09-21 15:00,26.1,,4.9,180.0,64,21.6,18.7,993.9,1003.5,0.8,2.48,2000,31.2,22.7,1.2,4.7,230.0,96,26.4,22.0,997.0,1004.9,0.0,0.24,4191,24.6
2021-09-21 16:00,25.5,,4.2,230.0,64,20.8,18.1,993.9,1003.6,0.5,1.48,2000,27.1,22.8,0.0,4.7,200.0,96,26.6,22.1,997.1,1005.0,0.0,0.16,3858,24.5
2021-09-21 17:00,25.4,,4.1,230.0,62,20.0,17.5,994.0,1003.7,0.8,1.21,2000,25.2,23.1,,2.8,230.0,96,27.1,22.4,997.2,1005.1,0.0,0.19,3258,24.7
2021-09-21 18:00,24.3,,3.8,250.0,68,20.6,18.0,994.0,1003.6,0.9,0.5,2000,23.0,23.4,,2.5,230.0,94,26.9,22.3,997.0,1004.9,0.0,0.15,4026,24.6
2021-09-21 19:00,23.3,,2.9,230.0,77,22.0,19.0,994.2,1003.9,0.1,0.04,2000,22.0,22.7,,3.0,230.0,92,25.3,21.3,997.4,1005.3,0.0,0.03,4983,23.4
2021-09-21 20:00,23.1,,4.3,180.0,78,22.0,19.0,994.9,1004.6,,,2000,21.8,22.0,,4.3,270.0,93,24.6,20.8,997.7,1005.7,,,4692,22.4
2021-09-21 21:00,22.8,,3.6,180.0,81,22.4,19.3,995.5,1005.2,,,2000,21.5,22.0,,3.8,250.0,93,24.6,20.8,998.6,1006.6,,,3981,21.9
2021-09-21 22:00,21.3,,6.3,290.0,74,18.6,16.4,996.4,1006.2,,,2000,21.1,21.7,,5.2,250.0,92,23.8,20.3,998.4,1006.4,,,3177,21.5
2021-09-21 23:00,19.5,0.0,6.0,320.0,77,17.4,15.3,996.1,1005.9,,,2000,19.9,21.5,,4.5,250.0,92,23.5,20.1,998.9,1006.9,,,3122,21.2
2021-09-22 00:00,17.4,26.5,3.1,320.0,93,18.4,16.2,996.2,1006.2,,,608,17.7,21.4,,3.5,250.0,92,23.4,20.0,999.0,1007.0,,,2661,21.0
2021-09-22 01:00,17.6,4.2,2.1,360.0,96,19.2,16.9,996.6,1006.6,,,1066,18.2,21.8,,2.1,230.0,89,23.1,19.8,998.9,1006.9,,,2388,21.6
2021-09-22 02:00,17.4,0.1,2.0,70.0,94,18.6,16.4,996.2,1006.2,,,2000,18.3,21.5,,3.4,250.0,90,22.9,19.7,998.7,1006.7,,,2028,21.1
2021-09-22 03:00,17.1,,1.4,20.0,94,18.3,16.1,995.7,1005.7,,,1837,17.9,21.5,,4.4,250.0,89,22.8,19.6,998.9,1006.9,,,2884,20.7
2021-09-22 04:00,17.0,,1.4,50.0,95,18.3,16.1,996.0,1006.0,,,1946,17.6,21.2,,5.3,250.0,87,21.8,18.9,998.9,1006.9,,,3274,20.3
2021-09-22 05:00,16.8,,2.0,360.0,95,18.1,15.9,996.1,1006.1,,,1575,17.4,20.7,,4.4,250.0,90,21.8,18.9,998.9,1006.9,,,2766,20.0
2021-09-22 06:00,17.0,,1.6,20.0,96,18.5,16.3,996.6,1006.6,,,1176,18.2,20.6,,4.9,250.0,90,21.7,18.8,999.4,1007.4,,,1836,19.9
2021-09-22 07:00,17.5,,1.1,20.0,98,19.5,17.1,996.9,1006.9,0.0,0.04,1094,19.0,20.7,,4.5,270.0,86,20.9,18.2,1000.0,1008.0,0.2,0.09,2248,20.3
2021-09-22 08:00,18.1,0.2,0.8,50.0,97,20.1,17.6,997.3,1007.2,0.1,0.22,1174,20.1,21.8,,5.0,250.0,83,21.6,18.7,1000.3,1008.3,1.0,0.65,2445,22.1
2021-09-22 09:00,19.7,,1.5,180.0,96,22.0,19.0,997.3,1007.1,0.4,0.81,1907,23.2,23.0,,5.2,250.0,79,22.1,19.1,1000.5,1008.4,1.0,1.41,2873,26.3
2021-09-22 10:00,21.2,,2.6,250.0,83,20.8,18.1,997.6,1007.5,0.5,1.27,2000,24.1,24.3,,5.2,250.0,76,22.9,19.7,1000.9,1008.8,1.0,2.03,3422,26.2
2021-09-22 11:00,22.5,,3.1,250.0,74,20.1,17.6,997.7,1007.5,0.4,1.52,2000,29.7,25.1,,,,74,23.5,20.1,1001.0,1008.9,,,2925,30.4
2021-09-22 12:00,23.1,,3.9,250.0,66,18.5,16.3,997.6,1007.3,0.5,1.85,2000,29.0,25.9,,,,71,23.7,20.2,1000.6,1008.5,,,3267,33.3
2021-09-22 13:00,22.9,0.0,3.5,250.0,67,18.6,16.4,997.7,1007.5,0.5,1.73,2000,24.8,26.7,0.0,,,69,24.1,20.5,1000.7,1008.6,,,4146,33.1
2021-09-22 14:00,23.8,0.0,4.0,250.0,64,18.8,16.5,997.6,1007.3,0.5,1.78,2000,30.4,22.2,4.0,,,80,21.3,18.5,1000.5,1008.5,,,5000,33.0
2021-09-22 15:00,23.7,,5.6,270.0,60,17.5,15.4,997.7,1007.4,0.6,1.81,2000,27.4,24.6,,,,74,22.8,19.6,1000.4,1008.3,,,5000,33.9
2021-09-22 16:00,24.1,,4.4,250.0,58,17.4,15.3,997.9,1007.6,0.9,1.86,2000,27.2,24.4,,,,69,21.0,18.3,1000.3,1008.2,,,5000,28.0
2021-09-22 17:00,23.8,,3.6,270.0,60,17.6,15.5,998.2,1007.9,1.0,1.37,2000,23.8,24.9,,3.8,230.0,69,21.7,18.8,1000.4,1008.3,1.0,1.17,5000,25.8
2021-09-22 18:00,22.4,,4.4,250.0,66,17.8,15.7,999.0,1008.8,1.0,0.59,2000,21.7,24.1,,2.1,270.0,68,20.4,17.8,1000.5,1008.4,1.0,0.43,5000,24.2
2021-09-22 19:00,21.3,,2.8,250.0,72,18.2,16.0,999.6,1009.5,0.1,0.04,2000,20.2,22.9,,2.9,250.0,73,20.2,17.7,1000.9,1008.8,0.0,0.02,5000,22.8
2021-09-22 20:00,20.7,,3.0,250.0,75,18.3,16.1,1000.6,1010.5,,,2000,19.6,22.7,,3.9,270.0,78,21.4,18.6,1001.7,1009.7,,,3983,22.2
2021-09-22 21:00,20.5,,3.6,250.0,77,18.5,16.3,1001.5,1011.4,,,2000,19.4,22.7,,2.9,270.0,84,23.1,19.8,1002.3,1010.3,,,2676,22.1
2021-09-22 22:00,19.7,,2.9,270.0,75,17.2,15.1,1002.1,1012.0,,,2000,18.7,23.0,,2.4,270.0,86,24.1,20.5,1002.6,1010.5,,,1946,22.2
2021-09-22 23:00,18.8,,1.6,340.0,75,16.2,14.2,1002.3,1012.2,,,2000,18.1,22.9,,3.5,270.0,89,24.7,20.9,1002.7,1010.7,,,1095,22.1
